Model,Manufacturer
100,Quamba
1000,Omba
1500,Trilia
1500 Club Coupe,Mydo
164,Thoughtstorm
200,Yoveo
228,Skinix
240,Centimia
2500,Talane
3 Series,Ooba
3-Sep,Realcube
300D,Yadel
300M,Browseblab
300SE,Yakitri
300ZX,Twimm
323,Edgepulse
325,Fiveclub
3500,Babblestorm
3500 Club Coupe,Vimbo
350Z,Thoughtworks
4000s,Blogtag
4000s Quattro,Podcat
400E,InnoZ
4Runner,Myworks
5 Series,Rhynoodle
5-Sep,Thoughtblab
57,Flashset
6 Series,Brightdog
62,Rhynyx
626,Aibox
7 Series,Vimbo
745,Skivee
760,Jazzy
8 Series,Zoovu
88,Cogibox
9-4X,Jabbersphere
9-7X,Roomm
900,Skyba
9000,Gabcube
911,Brainlounge
914,Jaloo
929,Divape
944,Camido
968,Katz
98,Topicstorm
A3,Zoonder
A4,Skinder
A6,Twitterwire
A8,Wordtune
Acadia,Gabtune
Accent,Photofeed
Accord Crosstour,Rhyloo
Aerostar,Tagfeed
Alcyone SVX,Ooba
Allroad,InnoZ
Altima,Flashspan
Amanti,Photobug
Amigo,Katz
APV,Flipbug
Arnage,Wikizz
Ascender,Tagfeed
Astro,Flipbug
Avalanche 1500,Yakidoo
Avalanche 2500,Brightdog
Avalon,Photobean
Avanti,Tagtune
Avenger,Fanoodle
Axiom,Yacero
Azure,Realcube
B-Series,Blognation
B-Series Plus,Gigazoom
Baja,Centimia
Beretta,Wordtune
Blazer,Meezzy
Bonneville,Skyndu
Boxster,Gigabox
Bravada,Divanoodle
Brougham,Flashspan
C-Class,Avaveo
C30,Linkbridge
C70,Skinix
Cabriolet,Flashspan
Caliber,Rhybox
California,Bluejam
Camaro,Aivee
Camry,Ainyx
Camry Hybrid,Wordpedia
Canyon,Dazzlesphere
Caprice,Buzzbean
Caravan,Demimbu
Carens,Oodoo
Cayenne,Quire
Cayman,Buzzster
CC,Jaxnation
Century,Edgeclub
Challenger,Trupe
Chariot,Talane
Cirrus,Oozz
Civic,Jabberbean
CL,Skimia
CL-Class,Brainsphere
CLS-Class,Realblab
Coachbuilder,Jabbersphere
Cobalt,Edgepulse
Cobalt SS,Twiyo
Colt,Jabbertype
Commander,Gabtype
Compass,Tagtune
Continental,Skiba
Continental Flying Spur,Quire
Continental GT,Demimbu
Continental GTC,Oyope
Cooper,Trunyx
Cooper Countryman,Trunyx
Cordia,Vidoo
Corolla,Jaloo
Corrado,Gabspot
Corvette,Skimia
Cougar,Twimm
Countach,Rhyzio
Countryman,Quatz
Coupe Quattro,Skyble
CR-V,Lazzy
CR-X,Trupe
Crossfire,Gabspot
CT,Gabtype
CTS-V,Skipstorm
Cube,Talane
Cultus,Jazzy
Cutlass Supreme,Quatz
CX,Skinix
D250 Club,Brightdog
Daewoo Kalos,Dabjam
Daewoo Lacetti,Jazzy
Daewoo Magnus,Browsebug
Dakota,Dabtype
Dakota Club,Wordify
Datsun/Nissan Z-car,Mybuzz
DB9,Fivespan
DeVille,Vinte
Diamante,Katz
Discovery,Eimbee
Discovery Series II,Leexo
DTS,Realbridge
Durango,Trudeo
E-Class,Digitube
E-Series,Skibox
E150,Ooba
E250,Jaloo
E350,Fliptune
Echo,Brainsphere
Eclipse,Jabberbean
Econoline E150,Gabvine
Econoline E250,Demivee
Econoline E350,Eare
Edge,Rhybox
Elan,Fiveclub
Elantra,Feedfire
Eldorado,Kazio
Element,Zoovu
Elise,Ntags
Enclave,Lazz
Envoy,Chatterpoint
ES,Avavee
Escalade,Devcast
Escalade ESV,Mybuzz
Escape,Yata
Escort,Trudoo
Esprit,Wikizz
EX,Bubblebox
Excursion,Skippad
Exige,Photolist
Expedition,Ntags
Explorer,Kwinu
Expo,Skipfire
Express,Trupe
Express 1500,Eire
Express 2500,Eire
Express 3500,Talane
F-Series,Tanoodle
F-Series Super Duty,Agivu
F150,Lajo
F250,Fivespan
F350,Wordware
F430 Spider,Meedoo
F450,Avamm
Familia,Devpoint
FF,Fivespan
Fiesta,Lajo
Fillmore,Janyx
Firebird Formula,Quinu
FJ Cruiser,Fiveclub
Flex,Realblab
Focus,Realfire
Forenza,Kanoodle
Fortwo,Devshare
Fox,Kayveo
Freelander,Fivechat
Freestar,Thoughtstorm
Frontier,Jaxworks
Fury,Eare
FX,Yamia
G,Topicstorm
G-Series G20,Yabox
G25,Nlounge
G37,Mybuzz
G6,Quaxo
Galant,Fiveclub
Gallardo,Yodo
Genesis Coupe,Edgewire
Ghost,Feedspan
GL-Class,Oozz
Golf,Browsecat
Golf III,Viva
Gran Sport,Vipe
Grand Am,Mudo
Grand Cherokee,Buzzbean
Grand Marquis,Youspan
Grand Prix,Meembee
Grand Vitara,Browsezoom
Grand Voyager,Cogilith
GranSport,Devshare
GranTurismo,Fadeo
GS,DabZ
GT500,Divanoodle
GTI,Bluezoom
GTO,Livetube
GX,Photobug
H1,Pixoboo
H2,Jabbertype
H3,Oyondu
HHR,Trunyx
Highlander,Zooxo
Hombre Space,Skalith
I,Yakidoo
i-280,Babbleset
i-MiEV,Photobug
i-Series,Fivebridge
Impala,Yombu
Imperial,Youfeed
Impreza,Dynazzy
Impreza WRX,Eidel
Integra,Wikizz
Intrepid,Tanoodle
iQ,Eabox
IS,Trudoo
J,Fliptune
Jetta,Blognation
Jetta III,Skimia
Jimmy,Avaveo
Justy,Quimm
Karif,Voonder
Lancer,Skidoo
Land Cruiser,Youbridge
Laser,Youspan
LeBaron,Ooba
Legacy,Skimia
Legend,Zoonoodle
LeMans,Chatterbridge
Leone,Photojam
LeSabre,Jabbersphere
LHS,Twinte
Liberty,Livefish
LR3,Vipe
LS,Meezzy
Lumina,Quinu
LX,Realbuzz
M,Edgeify
M Roadster,Blogpad
M-Class,Jabbersphere
M3,Devbug
M5,Zoonder
M6,Oba
Magnum,Trilia
Malibu,Cogibox
Marauder,Gigaclub
Mariner,Yodel
Mark LT,Zooxo
Mark VIII,Trudeo
Marquis,Zoozzy
Matrix,Photospace
Maxima,Abata
Mazda3,Skalith
Mazda6,Tavu
MDX,Blogtag
Metro,Skiptube
Miata MX-5,Youopia
Mighty Max,Shufflester
Milan,Mymm
Millenia,Agivu
Mini Cooper S,Realpoint
Mirage,Tagpad
MKT,Kazio
Montana,Divanoodle
Montana SV6,Einti
Monte Carlo,Zoozzy
Montero,Gabtune
Montero Sport,Gabtune
Monza,Skilith
Mountaineer,Fadeo
MR2,Ainyx
Mulsanne,Lajo
MurciÃ©lago,Yakitri
Mustang,Skinte
MX-5,Oba
MX-6,Trudeo
Navigator,Kayveo
Navigator L,Linkbuzz
Neon,Tagfeed
New Beetle,Cogilith
NSX,Zoonder
NV2500,Nlounge
Oasis,Eazzy
Odyssey,Dazzlesphere
Optima,Aibox
Outback,Riffpath
Outback Sport,Skimia
Outlander,Agivu
Pajero,Tambee
Panamera,Quaxo
Park Avenue,Leenti
Paseo,Skidoo
Passat,InnoZ
Pathfinder,Rhynyx
Patriot,Realcube
Phantom,Twitterworks
Pilot,Thoughtstorm
Precis,Lazzy
Prelude,Livetube
Previa,Bubblemix
Prius,Babbleblab
Prius Plug-in,Roodel
Prizm,Camido
Probe,Zoonoodle
Protege,Zoonoodle
Protege5,Jaxspan
Q,Edgewire
Q5,Twiyo
Q7,Oba
Quantum,Katz
Quest,Trilia
QX,Meetz
QX56,Dynabox
R-Class,Ntag
Raider,Fiveclub
Rally Wagon 1500,Eabox
Rally Wagon 2500,Bubbletube
Rally Wagon 3500,Brainlounge
Ram,Tagcat
Ram 1500,Trilia
Ram 2500,Brightbean
Ram 3500,Zoonder
Ram 3500 Club,Wordify
Ram Van 1500,JumpXS
Ram Van 2500,Gigashots
Ram Van 3500,Kwideo
Ram Van B250,Jetpulse
Ram Wagon B150,Yata
Ram Wagon B250,Bubblebox
Ram Wagon B350,Vinte
Range Rover,Gabtype
Range Rover Sport,Meetz
Ranger,Oodoo
RAV4,Gabcube
RDX,Trudoo
Regal,Zoomzone
Reliant,Flipopia
Rendezvous,Voonte
Reno,Divape
Ridgeline,Riffwire
Rio,Voolia
riolet,Shufflebeat
Riviera,Aimbu
RL,Tagcat
Rodeo,Tavu
Rodeo Sport,Zoovu
Rogue,Flipstorm
Rondo,Eabox
RS6,Skyvu
RX,Ooba
RX Hybrid,Minyx
RX-7,Riffpath
RX-8,Latz
S-Class,Babblestorm
S-Type,Ooba
S10,Yambee
S2000,Zoomdog
S4,Riffwire
S40,Kwilith
S60,Twimbo
S8,Dynabox
S80,Aibox
S90,Npath
Sable,Tanoodle
Safari,Linktype
Savana 1500,Demivee
Savana 2500,Zoomzone
Savana 3500,Quimba
SC,Trilia
Scirocco,Talane
Scoupe,InnoZ
Sedona,Layo
Sentra,Yabox
Sephia,Linktype
Sequoia,Yambee
Seville,Zava
Sienna,Browsebug
Sierra 1500,Flashset
Sierra 2500,Wordpedia
Sierra 3500,Voomm
Sierra 3500HD,Vidoo
Sigma,Meevee
Silhouette,Flipopia
Silverado 2500,Oyonder
Silverado 3500,Yacero
SJ,Gabspot
Skyhawk,Yacero
Skylark,Youfeed
SL-Class,Browsecat
SLK-Class,Devcast
SLR McLaren,Zoomzone
SLS AMG,Dabvine
SLS-Class,Gabtune
SLX,Oyonder
Solara,Fivebridge
Sonata,Izio
Sonoma,Kwimbee
Sonoma Club Coupe,Quaxo
Sorento,Blognation
Soul,Camido
Space,Wikizz
Spectra,Yodel
Sportage,Flashspan
Sprinter,Blogspan
Sprinter 2500,Ntag
Spyder,Mycat
Starion,Edgeclub
Stratus,Avamm
STS,Trupe
Stylus,Realcube
Suburban 1500,Eabox
Suburban 2500,Topicstorm
Summit,Thoughtblab
Sunbird,Skyvu
Sunfire,Livetube
Swift,Quimm
SX4,Realmix
T100,Talane
T100 Xtra,Katz
Tacoma,Devify
Tacoma Xtra,Flashset
Tahoe,Bluejam
Talon,Ainyx
Taurus,Voomm
tC,Jatri
Tempest,Plajo
Tempo,Edgeclub
Terraza,Yakitri
Th!nk,Blogpad
Thunderbird,Gabspot
Tiburon,Realpoint
Titan,Geba
TL,Mydo
Town & Country,Devpoint
Town Car,Agimba
Tracker,Photobean
Traverse,Midel
Tribeca,Kazu
Tribute,Thoughtstorm
Trooper,Feednation
Truck,Twitterlist
TSX,Roombo
TT,Skipstorm
Type 2,Gabvine
Uplander,Blogtag
V50,Brainsphere
V70,Eamia
V8,Babbleopia
Vandura 1500,Quatz
Vandura 2500,Kazu
Vandura G1500,Edgepulse
Vandura G3500,Thoughtsphere
Vanquish S,Flashdog
Venture,Gabspot
Venza,Quimm
Veracruz,Bluezoom
Verano,Leexo
Villager,Quinu
Viper,Myworks
Vitara,Divape
Voyager,Zoomzone
VUE,Realpoint
Windstar,Livetube
Wrangler,Demizz
X-Type,Cogibox
X5,Browsedrive
XC60,Ainyx
XC90,Livetube
xD,Quire
XJ,Meembee
XJ Series,Minyx
XK,Divavu
XK Series,Photospace
XL-7,Photolist
XLR,Gabcube
XT,Edgeify
Xtra,Geba
Yukon,Topicblab
Yukon XL 1500,Ainyx
Yukon XL 2500,Kwimbee
Z3,Nlounge
Z4,Devify
Z4 M,Kimia
ZDX,Rhynoodle
